hotspot_rank,center_residue,center_resname,center_aci_score,member_count,member_residues,max_member_aci_score,mean_member_aci_score
1,19,LEU,0.8963,23,1;2;3;19;20;21;22;23;24;25;27;40;41;42;43;51;52;80;81;112;114;152;156,0.8963,0.21596957
2,8,VAL,0.8204,11,5;6;7;8;9;54;55;56;77;78;79,0.8204,0.1537
3,35,THR,0.7749,21,35;37;38;39;59;60;61;62;63;64;65;66;67;68;69;70;71;73;74;75;76,0.7749,0.16912857
4,121,PRO,0.7718,13,84;85;86;121;122;123;124;125;126;127;128;129;143,0.7718,0.22307692
5,148,THR,0.6362,31,4;26;44;45;46;47;48;49;50;53;110;148;149;150;151;153;154;155;157;158;159;160;161;162;163;164;165;166;167;168;169,0.6362,0.09576129
6,10,GLY,0.4848,26,10;72;87;88;91;92;93;94;95;96;97;98;99;100;101;102;103;104;105;106;107;108;109;111;133;137,0.4848,0.09775
7,115,GLY,0.3573,17,82;83;89;90;113;115;130;131;132;134;135;136;138;139;140;141;142,0.3573,0.08418824
