hotspot_rank,center_residue,center_resname,center_aci_score,member_count,member_residues,max_member_aci_score,mean_member_aci_score
1,271,GLN,0.8932,13,266;269;270;271;273;386;421;422;424;463;464;465;467,0.8932,0.25546923
2,397,LYS,0.7351,80,81;82;83;84;85;86;92;93;96;97;98;99;100;101;104;105;106;107;108;109;110;111;112;113;116;117;118;119;120;121;122;123;124;125;126;127;128;129;130;131;132;135;136;137;138;139;140;141;243;245;248;249;314;315;316;317;362;363;364;365;366;367;368;369;388;390;395;396;397;398;447;486;490;507;509;510;511;513;514;515,0.7351,0.045275
3,387,ASN,0.694,4,382;384;385;387,0.694,0.2853
4,343,LEU,0.6695,36,342;343;344;345;346;347;348;349;350;351;352;353;354;355;356;359;449;450;451;452;453;454;455;456;457;458;460;478;480;481;482;483;525;528;529;531,0.6695,0.09269722
5,264,LYS,0.6407,37,94;95;247;253;255;256;257;259;260;261;262;263;264;265;274;276;278;279;280;281;282;283;284;285;286;287;291;293;294;295;296;320;321;322;324;326;333,0.6407,0.16371081
6,311,GLU,0.5244,17,114;115;250;251;307;308;310;311;312;313;323;371;372;375;376;405;407,0.5244,0.10511765
7,303,LEU,0.4901,17,258;292;297;298;299;300;301;302;303;304;306;325;327;328;329;330;331,0.4901,0.17117059
8,380,HIS,0.4471,87,370;373;374;377;378;379;380;381;383;402;403;404;406;408;409;410;411;412;413;414;415;416;417;418;419;420;423;425;426;427;428;429;430;431;432;433;434;435;436;437;438;439;440;441;442;443;444;445;446;448;459;461;462;466;468;469;470;471;472;473;474;475;476;477;479;485;487;488;489;491;492;493;494;495;496;497;498;499;500;501;502;503;504;505;506;508;512,0.4471,0.03201724
9,392,GLU,0.3549,128,87;88;89;90;91;102;103;133;134;142;143;144;145;146;147;148;149;150;151;152;153;154;155;156;157;158;159;160;161;162;163;164;165;166;167;168;169;170;171;172;173;174;175;176;177;178;179;180;181;182;183;184;185;186;187;188;189;190;191;192;193;194;195;196;198;201;202;203;204;205;206;207;208;209;210;211;212;213;214;215;216;217;218;219;220;221;222;223;224;225;226;227;228;229;230;231;232;233;234;235;236;237;238;239;240;241;242;357;358;360;361;391;392;393;394;484;516;517;518;519;520;521;522;523;524;526;527;530,0.3549,0.013275
10,319,GLN,0.3434,5,244;246;252;254;319,0.3434,0.07942
11,197,THR,0.0,1,197,0.0,0.0
12,199,SER,0.0,1,199,0.0,0.0
13,200,ASP,0.0,1,200,0.0,0.0
