hotspot_rank,center_residue,center_resname,center_aci_score,member_count,member_residues,max_member_aci_score,mean_member_aci_score
1,271,GLN,0.979,10,266;269;270;271;273;386;421;422;424;464,0.979,0.4244
2,397,LYS,0.895,53,93;96;97;98;99;100;101;110;111;112;113;116;117;118;119;120;121;123;126;127;128;129;130;131;132;243;245;249;250;251;314;315;316;317;363;364;365;366;367;368;369;388;390;395;396;397;398;447;507;509;510;511;513,0.895,0.12411321
3,387,ASN,0.867,4,382;384;385;387,0.867,0.439
4,343,LEU,0.826,42,342;343;344;345;346;347;348;349;350;351;352;353;354;355;356;359;362;449;450;451;452;453;454;455;456;457;458;460;481;482;484;519;521;523;524;525;526;527;528;529;530;531,0.826,0.15247619
5,264,LYS,0.813,24,94;95;260;262;263;264;265;274;276;278;279;280;281;282;283;284;285;286;287;291;293;294;295;296,0.813,0.30979167
6,311,GLU,0.721,14,114;115;307;308;310;311;312;313;371;372;375;376;405;407,0.721,0.22321429
7,303,LEU,0.669,16,258;292;297;298;299;300;301;302;303;304;306;327;328;329;330;331,0.669,0.303875
8,380,HIS,0.645,97,370;373;374;377;378;379;380;381;383;402;403;404;406;408;409;410;411;412;413;414;415;416;417;418;419;420;423;425;426;427;428;429;430;431;432;433;434;435;436;437;438;439;440;441;442;443;444;445;446;448;459;461;462;463;465;466;467;468;469;470;471;472;473;474;475;476;477;478;479;480;483;485;486;487;488;489;490;491;492;493;494;495;496;497;498;499;500;501;502;503;504;505;506;508;512;514;515,0.645,0.07626804
9,333,ILE,0.637,15,247;253;255;256;257;259;261;320;321;322;323;324;325;326;333,0.637,0.25873333
10,392,GLU,0.527,137,81;82;83;84;85;86;87;88;89;90;91;92;102;103;104;105;106;107;108;109;122;124;125;133;134;135;136;137;138;139;140;141;142;143;144;145;146;147;148;149;150;151;152;153;154;155;156;157;158;159;160;161;162;163;164;165;166;167;168;169;170;171;172;173;174;175;176;177;178;179;180;181;182;183;184;185;186;187;188;189;190;191;192;193;194;195;196;201;203;204;205;209;211;212;213;214;215;216;217;218;219;220;221;222;223;224;225;226;227;228;229;230;231;232;233;234;235;236;237;238;239;240;241;242;357;358;360;361;391;392;393;394;516;517;518;520;522,0.527,0.04127007
11,319,GLN,0.516,6,244;246;248;252;254;319,0.516,0.13283333
12,210,ARG,0.008,9,197;198;199;200;202;206;207;208;210,0.008,0.00255556
