hotspot_rank,center_residue,center_resname,center_aci_score,member_count,member_residues,max_member_aci_score,mean_member_aci_score
1,8,VAL,0.9,16,4;5;6;7;8;9;20;39;54;55;56;77;78;79;81;156,0.9,0.1725
2,19,LEU,0.9,18,1;3;19;21;22;23;24;25;27;40;41;43;52;80;112;114;152;162,0.9,0.22722222
3,121,PRO,0.8,8,85;87;121;122;123;124;126;129,0.8,0.265
4,35,THR,0.79,20,35;37;38;59;60;61;62;63;64;65;66;67;68;69;70;71;73;74;75;76,0.79,0.1675
5,149,ARG,0.69,26,2;26;42;44;46;50;51;53;148;149;150;151;153;154;155;157;158;159;160;161;163;165;166;167;168;169,0.69,0.11346154
6,96,TYR,0.49,26,10;72;88;91;92;93;94;95;96;97;98;99;100;101;102;103;104;105;106;107;108;109;110;111;133;137,0.49,0.10846154
7,143,GLU,0.44,23,82;83;84;86;89;90;113;115;125;127;128;130;131;132;134;135;136;138;139;140;141;142;143,0.44,0.11173913
8,47,ASP,0.05,5,45;47;48;49;164,0.05,0.012
