hotspot_rank,center_residue,center_resname,center_aci_score,member_count,member_residues,max_member_aci_score,mean_member_aci_score
1,19,LEU,0.98,38,1;3;19;20;21;22;23;24;25;27;40;41;43;52;80;81;82;83;89;90;112;113;114;115;129;130;131;132;134;135;136;138;139;140;141;142;152;156,0.98,0.28176316
2,8,VAL,0.952,13,4;5;6;7;8;9;39;54;55;56;77;78;79,0.952,0.23815385
3,35,THR,0.923,17,35;37;38;59;60;61;62;63;64;65;66;67;68;69;70;71;74,0.923,0.31147059
4,121,PRO,0.902,12,84;85;86;121;122;123;124;125;126;127;128;143,0.902,0.377
5,148,THR,0.831,33,2;26;42;44;45;46;47;48;49;50;51;53;110;148;149;150;151;153;154;155;157;158;159;160;161;162;163;164;165;166;167;168;169,0.831,0.17224242
6,10,GLY,0.646,29,10;72;73;75;76;87;88;91;92;93;94;95;96;97;98;99;100;101;102;103;104;105;106;107;108;109;111;133;137,0.646,0.19448276
