hotspot_rank,center_residue,center_resname,center_aci_score,member_count,member_residues,max_member_aci_score,mean_member_aci_score
1,62,GLU,0.8,14,61;62;63;64;65;66;67;68;69;70;71;73;74;75,0.8,0.2035
2,96,TYR,0.792,20,72;92;93;94;95;96;97;98;99;100;101;102;103;104;105;106;107;109;111;137,0.792,0.1653
3,122,SER,0.746,8,122;123;124;126;127;128;129;143,0.746,0.307875
4,39,SER,0.696,10,1;3;39;40;41;43;52;54;55;56,0.696,0.1545
5,86,ASN,0.676,9,84;86;87;88;89;90;91;125;133,0.676,0.29933333
6,24,ILE,0.591,6,23;24;25;26;27;42,0.591,0.342
7,154,ASP,0.589,33,2;4;6;44;45;46;47;48;49;50;51;53;108;110;140;142;151;153;154;155;156;157;158;160;161;162;163;164;165;166;167;168;169,0.589,0.14624242
8,79,LEU,0.584,10,5;7;76;77;78;79;80;112;114;159,0.584,0.1642
9,82,PHE,0.579,11,82;113;130;131;132;134;135;136;138;139;141,0.579,0.127
