hotspot_rank,center_residue,center_resname,center_aci_score,member_count,member_residues,max_member_aci_score,mean_member_aci_score
1,62,GLU,0.417,14,61;62;63;64;65;66;67;68;69;70;71;73;74;75,0.417,0.0535
2,96,TYR,0.391,22,72;92;93;94;95;96;97;98;99;100;101;102;103;104;105;106;107;108;109;111;133;137,0.391,0.03390909
3,122,SER,0.37,10,122;123;124;126;127;128;129;132;136;143,0.37,0.0987
4,39,SER,0.321,10,3;39;40;41;43;52;53;54;55;56,0.321,0.0575
5,86,ASN,0.307,8,84;86;87;88;89;90;91;125,0.307,0.102
6,79,LEU,0.263,22,4;5;6;7;51;76;77;78;79;80;110;112;114;155;156;159;160;163;164;167;168;169,0.263,0.04131818
7,154,ASP,0.261,17,44;45;46;47;48;49;140;142;151;153;154;157;158;161;162;165;166,0.261,0.05923529
8,24,ILE,0.259,6,23;24;25;26;27;42,0.259,0.1365
9,82,PHE,0.246,9,82;113;130;131;134;135;138;139;141,0.246,0.04377778
10,2,THR,0.001,3,1;2;50,0.001,0.00033333
