hotspot_rank,center_residue,center_resname,center_aci_score,member_count,member_residues,max_member_aci_score,mean_member_aci_score
1,62,GLU,0.935,12,61;62;63;64;65;66;67;68;69;70;71;74,0.935,0.37983333
2,96,TYR,0.93,22,72;73;75;92;93;94;95;96;97;98;99;100;101;102;103;104;105;106;107;109;111;137,0.93,0.28418182
3,122,SER,0.89,8,122;123;124;126;127;128;129;143,0.89,0.44875
4,86,ASN,0.856,9,84;86;87;88;89;90;91;125;133,0.856,0.46922222
5,39,SER,0.848,10,1;3;39;40;41;43;52;54;55;56,0.848,0.2348
6,79,LEU,0.775,18,2;4;5;6;7;50;51;76;77;78;79;80;112;114;155;156;159;160,0.775,0.27127778
7,154,ASP,0.772,25,44;45;46;47;48;49;53;108;110;140;142;151;153;154;157;158;161;162;163;164;165;166;167;168;169,0.772,0.2586
8,24,ILE,0.756,6,23;24;25;26;27;42,0.756,0.49116667
9,82,PHE,0.752,11,82;113;130;131;132;134;135;136;138;139;141,0.752,0.24072727
