hotspot_rank,center_residue,center_resname,center_aci_score,member_count,member_residues,max_member_aci_score,mean_member_aci_score
1,19,LEU,0.889,41,1;3;19;20;21;22;23;24;25;27;40;41;42;43;52;80;81;82;83;89;90;112;113;114;115;129;130;131;132;134;135;136;138;139;140;141;142;152;155;156;162,0.889,0.15804878
2,8,VAL,0.842,11,5;6;7;8;9;54;55;56;77;78;79,0.842,0.15527273
3,35,THR,0.777,18,35;37;38;39;59;60;61;62;63;64;65;66;67;68;69;70;71;74,0.777,0.19644444
4,121,PRO,0.752,12,84;85;86;121;122;123;124;125;126;127;128;143,0.752,0.23183333
5,149,ARG,0.645,30,2;4;26;44;45;46;47;48;49;50;51;53;148;149;150;151;153;154;157;158;159;160;161;163;164;165;166;167;168;169,0.645,0.0956
6,10,GLY,0.457,30,10;72;73;75;76;87;88;91;92;93;94;95;96;97;98;99;100;101;102;103;104;105;106;107;108;109;110;111;133;137,0.457,0.08796667
